{
  "preconv_False_norm_batchnorm_act_relu": {
    "5dB": {
      "clean_vs_denoised": {
        "count": 21,
        "mean": 1.220452380952381
      },
      "": {
        "count": 21,
        "mean": 1.0237142857142858
      }
    },
    "10dB": {
      "clean_vs_denoised": {
        "count": 21,
        "mean": 1.1726380952380953
      },
      "": {
        "count": 21,
        "mean": 1.0439571428571428
      }
    },
    "15dB": {
      "clean_vs_denoised": {
        "count": 21,
        "mean": 1.0736904761904762
      },
      "": {
        "count": 21,
        "mean": 1.100352380952381
      }
    },
    "20dB": {
      "clean_vs_denoised": {
        "count": 21,
        "mean": 1.0402142857142858
      },
      "": {
        "count": 21,
        "mean": 1.2415761904761904
      }
    },
    "25dB": {
      "clean_vs_denoised": {
        "count": 21,
        "mean": 1.0364
      },
      "": {
        "count": 21,
        "mean": 1.5021285714285715
      }
    },
    "30dB": {
      "clean_vs_denoised": {
        "count": 21,
        "mean": 1.0456380952380953
      },
      "": {
        "count": 21,
        "mean": 1.9035333333333333
      }
    },
    "35dB": {
      "clean_vs_denoised": {
        "count": 21,
        "mean": 1.0344857142857142
      },
      "": {
        "count": 21,
        "mean": 2.424142857142857
      }
    },
    "40dB": {
      "clean_vs_denoised": {
        "count": 21,
        "mean": 1.0450190476190475
      },
      "": {
        "count": 21,
        "mean": 3.0187142857142857
      }
    }
  },
  "preconv_False_norm_layernorm_act_silu": {
    "5dB": {
      "clean_vs_denoised": {
        "count": 21,
        "mean": 1.114747619047619
      },
      "": {
        "count": 21,
        "mean": 1.0237142857142858
      }
    },
    "10dB": {
      "clean_vs_denoised": {
        "count": 21,
        "mean": 1.220847619047619
      },
      "": {
        "count": 21,
        "mean": 1.0439571428571428
      }
    },
    "15dB": {
      "clean_vs_denoised": {
        "count": 21,
        "mean": 1.3838809523809523
      },
      "": {
        "count": 21,
        "mean": 1.100352380952381
      }
    },
    "20dB": {
      "clean_vs_denoised": {
        "count": 21,
        "mean": 1.5972333333333333
      },
      "": {
        "count": 21,
        "mean": 1.2415761904761904
      }
    },
    "25dB": {
      "clean_vs_denoised": {
        "count": 21,
        "mean": 1.7975714285714286
      },
      "": {
        "count": 21,
        "mean": 1.5021285714285715
      }
    },
    "30dB": {
      "clean_vs_denoised": {
        "count": 21,
        "mean": 1.950847619047619
      },
      "": {
        "count": 21,
        "mean": 1.9035333333333333
      }
    },
    "35dB": {
      "clean_vs_denoised": {
        "count": 21,
        "mean": 2.0572142857142857
      },
      "": {
        "count": 21,
        "mean": 2.424142857142857
      }
    },
    "40dB": {
      "clean_vs_denoised": {
        "count": 21,
        "mean": 2.1288095238095237
      },
      "": {
        "count": 21,
        "mean": 3.0187142857142857
      }
    }
  },
  "preconv_True_norm_batchnorm_act_relu": {
    "5dB": {
      "clean_vs_denoised": {
        "count": 21,
        "mean": 1.0442285714285715
      },
      "": {
        "count": 21,
        "mean": 1.0237142857142858
      }
    },
    "10dB": {
      "clean_vs_denoised": {
        "count": 21,
        "mean": 1.0496380952380953
      },
      "": {
        "count": 21,
        "mean": 1.0439571428571428
      }
    },
    "15dB": {
      "clean_vs_denoised": {
        "count": 21,
        "mean": 1.0511285714285714
      },
      "": {
        "count": 21,
        "mean": 1.100352380952381
      }
    },
    "20dB": {
      "clean_vs_denoised": {
        "count": 21,
        "mean": 1.0518857142857143
      },
      "": {
        "count": 21,
        "mean": 1.2415761904761904
      }
    },
    "25dB": {
      "clean_vs_denoised": {
        "count": 21,
        "mean": 1.0504428571428572
      },
      "": {
        "count": 21,
        "mean": 1.5021285714285715
      }
    },
    "30dB": {
      "clean_vs_denoised": {
        "count": 21,
        "mean": 1.0506285714285715
      },
      "": {
        "count": 21,
        "mean": 1.9035333333333333
      }
    },
    "35dB": {
      "clean_vs_denoised": {
        "count": 21,
        "mean": 1.0502380952380952
      },
      "": {
        "count": 21,
        "mean": 2.424142857142857
      }
    },
    "40dB": {
      "clean_vs_denoised": {
        "count": 21,
        "mean": 1.049904761904762
      },
      "": {
        "count": 21,
        "mean": 3.0187142857142857
      }
    }
  },
  "preconv_True_norm_layernorm_act_silu": {
    "5dB": {
      "clean_vs_denoised": {
        "count": 21,
        "mean": 1.1175142857142857
      },
      "": {
        "count": 21,
        "mean": 1.0237142857142858
      }
    },
    "10dB": {
      "clean_vs_denoised": {
        "count": 21,
        "mean": 1.2282333333333333
      },
      "": {
        "count": 21,
        "mean": 1.0439571428571428
      }
    },
    "15dB": {
      "clean_vs_denoised": {
        "count": 21,
        "mean": 1.3936285714285714
      },
      "": {
        "count": 21,
        "mean": 1.100352380952381
      }
    },
    "20dB": {
      "clean_vs_denoised": {
        "count": 21,
        "mean": 1.6128809523809524
      },
      "": {
        "count": 21,
        "mean": 1.2415761904761904
      }
    },
    "25dB": {
      "clean_vs_denoised": {
        "count": 21,
        "mean": 1.813447619047619
      },
      "": {
        "count": 21,
        "mean": 1.5021285714285715
      }
    },
    "30dB": {
      "clean_vs_denoised": {
        "count": 21,
        "mean": 1.9682238095238096
      },
      "": {
        "count": 21,
        "mean": 1.9035333333333333
      }
    },
    "35dB": {
      "clean_vs_denoised": {
        "count": 21,
        "mean": 2.073104761904762
      },
      "": {
        "count": 21,
        "mean": 2.424142857142857
      }
    },
    "40dB": {
      "clean_vs_denoised": {
        "count": 21,
        "mean": 2.1473809523809524
      },
      "": {
        "count": 21,
        "mean": 3.0187142857142857
      }
    }
  }
}
