{
  "preconv_False_norm_layernorm_act_silu": {
    "5dB": {
      "clean_vs_denoised": {
        "count": 66,
        "mean": 1.1217272727272727
      },
      "clean_vs_noisy": {
        "count": 66,
        "mean": 1.0299787878787878
      }
    },
    "10dB": {
      "clean_vs_denoised": {
        "count": 66,
        "mean": 1.2231045454545455
      },
      "clean_vs_noisy": {
        "count": 66,
        "mean": 1.0546621212121212
      }
    },
    "15dB": {
      "clean_vs_denoised": {
        "count": 66,
        "mean": 1.3705
      },
      "clean_vs_noisy": {
        "count": 66,
        "mean": 1.1261742424242425
      }
    },
    "20dB": {
      "clean_vs_denoised": {
        "count": 66,
        "mean": 1.530578787878788
      },
      "clean_vs_noisy": {
        "count": 66,
        "mean": 1.310339393939394
      }
    },
    "25dB": {
      "clean_vs_denoised": {
        "count": 66,
        "mean": 1.667989393939394
      },
      "clean_vs_noisy": {
        "count": 66,
        "mean": 1.6548121212121212
      }
    },
    "30dB": {
      "clean_vs_denoised": {
        "count": 66,
        "mean": 1.7620454545454545
      },
      "clean_vs_noisy": {
        "count": 66,
        "mean": 2.1631727272727272
      }
    },
    "35dB": {
      "clean_vs_denoised": {
        "count": 66,
        "mean": 1.8223772727272727
      },
      "clean_vs_noisy": {
        "count": 66,
        "mean": 2.7390742424242425
      }
    },
    "40dB": {
      "clean_vs_denoised": {
        "count": 66,
        "mean": 1.8638863636363636
      },
      "clean_vs_noisy": {
        "count": 66,
        "mean": 3.2879257575757577
      }
    }
  },
  "preconv_True_norm_layernorm_act_silu": {
    "5dB": {
      "clean_vs_denoised": {
        "count": 66,
        "mean": 1.1205712121212121
      },
      "clean_vs_noisy": {
        "count": 66,
        "mean": 1.0299787878787878
      }
    },
    "10dB": {
      "clean_vs_denoised": {
        "count": 66,
        "mean": 1.2208530303030303
      },
      "clean_vs_noisy": {
        "count": 66,
        "mean": 1.0546621212121212
      }
    },
    "15dB": {
      "clean_vs_denoised": {
        "count": 66,
        "mean": 1.366859090909091
      },
      "clean_vs_noisy": {
        "count": 66,
        "mean": 1.1261742424242425
      }
    },
    "20dB": {
      "clean_vs_denoised": {
        "count": 66,
        "mean": 1.5259227272727274
      },
      "clean_vs_noisy": {
        "count": 66,
        "mean": 1.310339393939394
      }
    },
    "25dB": {
      "clean_vs_denoised": {
        "count": 66,
        "mean": 1.662398484848485
      },
      "clean_vs_noisy": {
        "count": 66,
        "mean": 1.6548121212121212
      }
    },
    "30dB": {
      "clean_vs_denoised": {
        "count": 66,
        "mean": 1.7552121212121212
      },
      "clean_vs_noisy": {
        "count": 66,
        "mean": 2.1631727272727272
      }
    },
    "35dB": {
      "clean_vs_denoised": {
        "count": 66,
        "mean": 1.8152363636363635
      },
      "clean_vs_noisy": {
        "count": 66,
        "mean": 2.7390742424242425
      }
    },
    "40dB": {
      "clean_vs_denoised": {
        "count": 66,
        "mean": 1.856060606060606
      },
      "clean_vs_noisy": {
        "count": 66,
        "mean": 3.2879257575757577
      }
    }
  }
}
